Identifiant;Nom;Catégorie;Année;Adresse;Lieu;Lien;Géolocalisation
16;Erdre;Composteur en résidence - copropriété;2010;13 allée de l'erdre / Rentrer par 4 rue du Château;Saint-Sébastien-sur-Loire;https://pom-e.compostri.fr/composteur/erdre;47.20631899905218, -1.5161410001042461
31;Ecole Jules d'Herbauges;Composteur Pédagogique en établissement scolaire;2011;avenue de la presqu'île du Dun (près de la place Amani);Saint-Aignan-Grandlieu;https://pom-e.compostri.fr/composteur/ecole-jules-dherbauges;47.12127599884413, -1.6375029994116521
60;Les Anglais;Composteur en résidence - copropriété;2012;boulevard des anglais;Nantes;https://pom-e.compostri.fr/composteur/les-anglais;47.22799129894611, -1.579953199963061
67;Clos Toreau;Composteur ouvert au quartier;2013;Rue d'Hendaye;Nantes;https://pom-e.compostri.fr/composteur/clos-toreau;47.19563399911179, -1.528563000143211
74;Ecole Georges Brassens;Composteur Pédagogique en établissement scolaire;2013;83 rue des Renards;Nantes;https://pom-e.compostri.fr/composteur/ecole-georges-brassens;47.26216899923627, -1.5708670002072016
102;Jardin du Douet;Jardin;2014;105 route de Clisson;Saint-Sébastien-sur-Loire;https://pom-e.compostri.fr/composteur/jardin-du-douet;47.19103499878805, -1.5212219997713234
111;Résidence Ralliement;Composteur en résidence - copropriété;2014;7 place du ralliement;Nantes;https://pom-e.compostri.fr/composteur/residence-ralliement;47.22264229940401, -1.5294613998790645
160;Colombier;Composteur en résidence - copropriété;2017;6 rue de la Contrie;Nantes;https://pom-e.compostri.fr/composteur/colombier;47.221602998831884, -1.5934729996186316
167;Les Aqueducs;Composteur en résidence - copropriété;2017;20 rue des 6 Aqueducs;Nantes;https://pom-e.compostri.fr/composteur/les-aqueducs;47.21547259889123, -1.594356600638073
168;Ecole Henri Bergson;Composteur Pédagogique en établissement scolaire;2017;5 Rue de Madrid;Nantes;https://pom-e.compostri.fr/composteur/ecole-henri-bergson;47.213915998988526, -1.5278380002475973
172;Les Lacs;Composteur en résidence - copropriété;2017;Avenue de la Close;Nantes;https://pom-e.compostri.fr/composteur/les-lacs;47.24193399870368, -1.5764260005052468
180;Croix Jeannette;Composteur ouvert au quartier;2017;Place de la Croix Jeannette;Bouguenais;https://pom-e.compostri.fr/composteur/croix-jeannette;47.17259199883913, -1.620848999924767
183;Compost'île;Composteur ouvert au quartier;2017;10 Rue de l'Île Mabon, 44200 Nantes;Nantes;https://pom-e.compostri.fr/composteur/compostile;47.20690599910179, -1.5592240004427402
186;Ecole Louise Michel;Composteur Pédagogique en établissement scolaire;2018;rue Paul Ramadier;Nantes;https://pom-e.compostri.fr/composteur/ecole-louise-michel;47.20559689895985, -1.5318641995475113
194;Les Muguets;Composteur en résidence - copropriété;2018;38 rue de la Patouillerie;Nantes;https://pom-e.compostri.fr/composteur/les-muguets;47.241320999373116, -1.5819129998111439
204;Le Chêne Creux;Composteur ouvert au quartier;2018;24 rue Jean Baptiste et Henri Tendron;Rezé;https://pom-e.compostri.fr/composteur/le-chene-creux;47.17429199927921, -1.5476409999521974
207;Maisdon Pajot;Composteur en résidence - copropriété;2018;47-39 rue Maisdon Pajot;Nantes;https://pom-e.compostri.fr/composteur/maisdon-pajot;47.217633998770914, -1.585266000090462
208;Moulin Lambert - Le jardin des Dord'Oignons;Composteur ouvert au quartier;2018;13 rue de la Dordogne;Nantes;https://pom-e.compostri.fr/composteur/moulin-lambert-le-jardin-des-dordoignons;47.20813399895621, -1.602211999581309
211;Place Similien Guérin;Composteur ouvert au quartier;2018;Place Similien Guérin;La Montagne;https://pom-e.compostri.fr/composteur/place-similien-guerin;47.18783099938092, -1.6837500004962394
220;Olympe de Gouges;Composteur ouvert au quartier;2018;11, rue Olympe de gouge;Rezé;https://pom-e.compostri.fr/composteur/olympe-de-gouges;47.16730299926493, -1.5454610004363853
222;Compo'Stappen;Composteur ouvert au quartier;2018;rue Van der Stappen;Nantes;https://pom-e.compostri.fr/composteur/compostappen;47.2066509990207, -1.58086499936166
229;Folies de l'Erdre;Composteur en résidence - copropriété;2019;4 Chemin de l’Eraudière;Nantes;https://pom-e.compostri.fr/composteur/folies-de-lerdre;47.247647999498106, -1.5396579998947546
236;Richer;Composteur en résidence - copropriété;2019;6 rue Richer;Nantes;https://pom-e.compostri.fr/composteur/richer;47.212839998646075, -1.5764740005597015
244;Plessis Tison;Composteur ouvert au quartier;2019;Parc du Plessis Tison (entrée bd des Belges);Nantes;https://pom-e.compostri.fr/composteur/plessis-tison;47.23422899868823, -1.5359529998333628
248;Bagatelle 2;Composteur ouvert au quartier;2019;Aire de jeux pour enfants Bagatelle;Saint-Herblain;https://pom-e.compostri.fr/composteur/bagatelle-2;47.24400399889146, -1.6178470003234704
267;Les Clochettes;Composteur en résidence - copropriété;2020;2 impasse des Clochettes;Basse-Goulaine;https://pom-e.compostri.fr/composteur/les-clochettes;47.197042999298006, -1.4539600006476283
268;Jardin de RAPI;Composteur ouvert au quartier;2020;3 Rue de l'Hérault;Nantes;https://pom-e.compostri.fr/composteur/jardin-de-rapi;47.205883999280914, -1.602813000579855
274;Folie Porterie;Composteur en résidence - copropriété;2020;17 rue Barbara;Nantes;https://pom-e.compostri.fr/composteur/folie-porterie;47.27110999883367, -1.5204589997628128
278;Les Hauts de la Baugerie;Composteur en résidence - copropriété;2020;31 ter rue de la Baugerie;Saint-Sébastien-sur-Loire;https://pom-e.compostri.fr/composteur/les-hauts-de-la-baugerie;47.20519799866045, -1.5176039998123025
280;Jaguère;Composteur ouvert au quartier;2020;Accès rue de l'aérodrome/café-hotel La Terasse;Rezé;https://pom-e.compostri.fr/composteur/jaguere;47.17502299931802, -1.565288000367473
289;Les Roches;Composteur en résidence - copropriété;2020;Avenue Agrippa d'Aubigné;Nantes;https://pom-e.compostri.fr/composteur/les-roches;47.2464899992488, -1.5745059996891542
294;Place de Village Le Jardin Ordinaire;Composteur ouvert au quartier;2021;Square des Combattants d'Afrique du Nord;Nantes;https://pom-e.compostri.fr/composteur/place-de-village-le-jardin-ordinaire;47.209312999194466, -1.5707239997026121
302;Square Daviais;Composteur ouvert au quartier;2021;Square Jean-Baptiste Daviais;Nantes;https://pom-e.compostri.fr/composteur/square-daviais;47.21164599934591, -1.558078999755795
309;Prairie aux Ducs;Composteur ouvert au quartier;2021;rue Nadine Gordimer;Nantes;https://pom-e.compostri.fr/composteur/prairie-aux-ducs;47.20418399934461, -1.569149999518525
314;Les Tribunes;Composteur en résidence - copropriété;2021;49 Boulevard des Tribunes;Nantes;https://pom-e.compostri.fr/composteur/les-tribunes;47.24980899938355, -1.5696770001044589
333;Le Landreau;Composteur ouvert au quartier;2021;5 rue du Landreau;Orvault;https://pom-e.compostri.fr/composteur/le-landreau;47.272209998804115, -1.6302650005447903
335;Jardins du Jamet;Composteur ouvert au quartier;;19 rue du Jamet;Nantes;https://pom-e.compostri.fr/composteur/jardins-du-jamet;47.207318999456824, -1.6061040001214484
340;Herseville;Composteur en résidence - copropriété;2021;58 rue Mauvoisins;Nantes;https://pom-e.compostri.fr/composteur/herseville;47.189390721237864, -1.5306156140352825
341;La Filée;Composteur en résidence - copropriété;2021;222 route de Vertou;Nantes;https://pom-e.compostri.fr/composteur/la-filee;47.18289699945126, -1.5216930003066889
346;Zellige;Composteur en résidence - copropriété;2021;65-67-69 Bd de la Prairie aux Ducs;Nantes;https://pom-e.compostri.fr/composteur/zellige;47.20396599907817, -1.5651919993908678
348;Le Roxane;Composteur en résidence - copropriété;2021;27 rue Jean Émile Labeur;Nantes;https://pom-e.compostri.fr/composteur/le-roxane;47.22526199905075, -1.5521680003844134
361;Les Lavandes;Composteur ouvert au quartier;2022;17 rue des Lavandes;Sainte-Luce/Loire;https://pom-e.compostri.fr/composteur/les-lavandes;47.2619159992915, -1.4851909997670127
371;My Home;Composteur en résidence - copropriété;2022;104 rue du Corps de Garde;Nantes;https://pom-e.compostri.fr/composteur/my-home;47.21693399883578, -1.5991370005275691
374;Petite Ferme Urbaine;Composteur ouvert au quartier;2023;16 rue de l'Orne;Saint-Herblain;https://pom-e.compostri.fr/composteur/petite-ferme-urbaine;47.21412599892664, -1.6122489993565563
379;La Galarne;Composteur ouvert au quartier;2022;2-8 Rue Pitre de Lisle du Dreneuc, 44200 Nantes;Nantes;https://pom-e.compostri.fr/composteur/la-galarne;47.208875998977156, -1.529936000455857
399;Les Nymphéas;Composteur en résidence - copropriété;2022;142 impasse des Nymphéas;Nantes;https://pom-e.compostri.fr/composteur/les-nympheas;47.25125699906996, -1.531918999720862
417;Les Ajoncs;Composteur en résidence - copropriété;;56 Rue des Chalâtres 44000 NANTES;Nantes;https://pom-e.compostri.fr/composteur/les-ajoncs;47.227700998885076, -1.5322110003003717
434;Borne Out;Composteur en résidence - copropriété;2023;26-27-28 boulevard le Corbusier;Rezé;https://pom-e.compostri.fr/composteur/borne-out;47.189078998648, -1.572051000156826
446;Square du lait de Mai 2;Composteur ouvert au quartier;2023;Pass. Berthault, 44000 Nantes;Nantes;https://pom-e.compostri.fr/composteur/square-du-lait-de-mai-2;47.212097999179605, -1.54812599971568
448;Place de village Square Amiral Halgan 2;Composteur ouvert au quartier;2023;Square Amiral Halgan. 2, 1 Pl. de l'Hôtel de ville CEDEX, 44094 Nantes;Nantes;https://pom-e.compostri.fr/composteur/place-de-village-square-amiral-halgan-2;47.21747099939453, -1.5542079998934726
450;Les Civelles;Composteur ouvert au quartier;2023;4 quai Besnard Basse Indre;Indre;https://pom-e.compostri.fr/composteur/les-civelles;47.198743999481195, -1.673613999813409
456;La Proue;Composteur en résidence - copropriété;;8 Bd François Blancho par coursive arrière Beaulieu en prenant rue du doc. Zamenhof;Nantes;https://pom-e.compostri.fr/composteur/la-proue;47.20486599891249, -1.533322000317555
457;ça pousse en amont 2;Composteur ouvert au quartier;2023;cours de la prairie d'Amont 1 allée Alain Gerbault;Nantes;https://pom-e.compostri.fr/composteur/ca-pousse-en-amont-2;47.20966999888532, -1.5254140001089695
458;Val de Sèvre;Composteur en résidence - copropriété;2023;Impasse du Val de Sèvre;Nantes;https://pom-e.compostri.fr/composteur/val-de-sevre;47.18818399883214, -1.534177000228287
25;Crèche Brin de Malice;Composteur Pédagogique en établissement scolaire;2011;Rue de la Ripossiere;Nantes;https://pom-e.compostri.fr/composteur/creche-brin-de-malice;47.193028999023326, -1.5313049996098402
29;Ecole Chauvinière;Composteur Pédagogique en établissement scolaire;2011;32 boulevard de la Chauvinière;Nantes;https://pom-e.compostri.fr/composteur/ecole-chauviniere;47.253091998893744, -1.5750980005636952
62;Pierre de Coubertin;Composteur en résidence - copropriété;2012;Résidence Pierre Coubertin, 33 boulevard Pierre de Coubertin;Nantes;https://pom-e.compostri.fr/composteur/pierre-de-coubertin;47.22621799902772, -1.5880870006511951
76;Ecole La Métairie;Composteur Pédagogique en établissement scolaire;2013;Rue de Trevellec;Couëron;https://pom-e.compostri.fr/composteur/ecole-la-metairie;47.21768079892902, -1.6978372998452032
89;Square Savelli;Composteur ouvert au quartier;2013;rue Poydras de la Lande;La Chapelle-sur-Erdre;https://pom-e.compostri.fr/composteur/square-savelli;47.29588089875932, -1.5501816004941673
93;Belle isle;Composteur en résidence - copropriété;2014;Asl belle isle Port Durant, 24 avenue du cristal;Nantes;https://pom-e.compostri.fr/composteur/belle-isle;47.2545664988205, -1.5367369005560425
118;Crèche de Bellevue;Composteur Pédagogique en établissement scolaire;2015;2 rue Etienne Coutan;Nantes;https://pom-e.compostri.fr/composteur/creche-de-bellevue;47.20559599868161, -1.60750599968736
124;Kanopé;Composteur en résidence - copropriété;2015;17 mail Pablo Picasso;Nantes;https://pom-e.compostri.fr/composteur/kanope;47.215099998890324, -1.5351000005961768
144;CSC L'allée verte;Composteur ouvert au quartier;2016;rue allée verte;Saint-Sébastien-sur-Loire;https://pom-e.compostri.fr/composteur/csc-lallee-verte;47.19526199941678, -1.4901960004100736
151;La Grande Noue;Composteur en résidence - copropriété;2016;5 rue des Amandines;Nantes;https://pom-e.compostri.fr/composteur/la-grande-noue;47.23617299948375, -1.5209479999963014
152;Saint Pasquier;Composteur ouvert au quartier;2016;Place Emile Fritsch;Nantes;https://pom-e.compostri.fr/composteur/saint-pasquier;47.22876799918889, -1.5660540003612804
154;Val de Chézine;Composteur en résidence - copropriété;2016;52-58 bld du val de Chézine;Saint-Herblain;https://pom-e.compostri.fr/composteur/val-de-chezine;47.234771999320365, -1.6005000005538155
155;Les Perrières;Composteur ouvert au quartier;2016;3 rue Marie Curie;La Chapelle-sur-Erdre;https://pom-e.compostri.fr/composteur/les-perrieres;47.30918899927948, -1.5504420004235202
176;Jardin de la Boissière;Jardin;2017;Rue Blaise Pascal;Nantes;https://pom-e.compostri.fr/composteur/jardin-de-la-boissiere;47.25454599941981, -1.5684270003641145
185;Trentemoult 2;Composteur ouvert au quartier;2017;Quai Surcouf;Rezé;https://pom-e.compostri.fr/composteur/trentemoult-2;47.195309999310695, -1.578056999579563
198;Le Belem;Composteur en résidence - copropriété;2018;18-22 rue Paul Ramadier;Nantes;https://pom-e.compostri.fr/composteur/le-belem;47.20644399898891, -1.5310449994554698
206;I-Link;Composteur en résidence - copropriété;2018;22 Mail des chantiers;Nantes;https://pom-e.compostri.fr/composteur/i-link;47.20430499901499, -1.5681229997632333
215;Terrasses de l'Erdre;Composteur en résidence - copropriété;2018;16 Quai Henri Barbusse;Nantes;https://pom-e.compostri.fr/composteur/terrasses-de-lerdre;47.225353998804074, -1.5522390006175704
219;Paul Eluard;Composteur ouvert au quartier;2018;Chemin Paul Eluard;Bouguenais;https://pom-e.compostri.fr/composteur/paul-eluard;47.17229699929061, -1.6255339993664328
221;Clos du Tertre;Composteur en résidence - copropriété;2018;rue de la Mayenne;Saint-Herblain;https://pom-e.compostri.fr/composteur/clos-du-tertre;47.21216099897287, -1.6109800003447778
232;Val d'Erdre;Composteur en résidence - copropriété;2019;2 Bd des professeurs Sourdille;Nantes;https://pom-e.compostri.fr/composteur/val-derdre;47.23444399869013, -1.546062999315338
235;La Jaunaie;Composteur en résidence - copropriété;2019;117 rue de la Jaunaie;Saint-Sébastien-sur-Loire;https://pom-e.compostri.fr/composteur/la-jaunaie;47.19369099890713, -1.49530900051836
266;Ecole Salengro;Composteur Pédagogique en établissement scolaire;2020;28 Rue Alexandre Huchon, 44400 Rezé;Rezé;https://pom-e.compostri.fr/composteur/ecole-salengro-1;47.18384099866518, -1.5480000002705612
293;L'Orée du Bois;Composteur en résidence - copropriété;2021;68 rue Condorcet;Nantes;https://pom-e.compostri.fr/composteur/loree-du-bois;47.222246998838976, -1.5831160001911309
305;La Reynière 2;Composteur ouvert au quartier;;38-42 chemin de Saint-Michel;Orvault;https://pom-e.compostri.fr/composteur/la-reyniere-2;47.254355998967526, -1.57954600035191
306;Les Impressionnistes;Composteur ouvert au quartier;2021;Avenue des Impressionnistes;Nantes;https://pom-e.compostri.fr/composteur/les-impressionnistes;47.1889069994024, -1.5352129997073778
337;Les Composteurs du Bocage Nantais;Composteur ouvert au quartier;2021;A l'angle de la rue du Coudray et de l'avenue Camille Guérin;Nantes;https://pom-e.compostri.fr/composteur/les-composteurs-du-bocage-nantais-1;47.23064599928949, -1.543497999862006
356;Les Garennes;Composteur en résidence - copropriété;2021;14 rue des Garennes;Nantes;https://pom-e.compostri.fr/composteur/les-garennes;47.20197799908147, -1.5801310006119995
376;Haute Ile 2;Composteur ouvert au quartier;2022;2 Quai de l'Echouage;Rezé;https://pom-e.compostri.fr/composteur/haute-ile-2;47.19660199909287, -1.5537600006591685
378;L'Orée de Paridis;Composteur en résidence - copropriété;2022;22 rue Félix Ménétrier;Nantes;https://pom-e.compostri.fr/composteur/loree-de-paridis;47.241486998742296, -1.526781999636493
381;Goudy 2;Composteur ouvert au quartier;2022;8 rue Gabriel Goudy;Nantes;https://pom-e.compostri.fr/composteur/goudy-2;47.19546899932795, -1.5407760004135955
382;Duguesclin 2;Composteur en résidence - copropriété;2022;41 rue du Lieutenant Marty;Saint-Sébastien-sur-Loire;https://pom-e.compostri.fr/composteur/duguesclin-2;47.19545499904352, -1.5239169997751636
389;Kindia;Composteur ouvert au quartier;2022;5 rue de Kindia;Orvault;https://pom-e.compostri.fr/composteur/kindia;47.25201899921366, -1.5949409999149373
390;Le Trait d'Oignon 2;Composteur ouvert au quartier;2022;16 rue de la Planche au Gué;Nantes;https://pom-e.compostri.fr/composteur/le-trait-doignon-2;47.26977499895308, -1.5218620004311976
391;Ecole Pauline Roland;Composteur Pédagogique en établissement scolaire;2022;29 rue du Lieutenant de Monti;Rezé;https://pom-e.compostri.fr/composteur/ecole-pauline-roland;47.18634899887809, -1.5578410003593801
392;Coudray 69;Composteur en résidence - copropriété;2022;69 rue du Coudray;Nantes;https://pom-e.compostri.fr/composteur/coudray-69;47.22910899875744, -1.5439869996240823
393;Les Préludes;Composteur en résidence - copropriété;2022;1 avenue des Mélodies;Nantes;https://pom-e.compostri.fr/composteur/les-preludes;47.244063999257214, -1.510307000362975
396;Square Jean Baptiste Terrien 2;Composteur ouvert au quartier;2022;7 rue Célestin Freinet;Rezé;https://pom-e.compostri.fr/composteur/square-jean-baptiste-terrien-2;47.18435199948977, -1.550643999446639
403;Néopolis 2;Composteur ouvert au quartier;2022;1 Rue Georges Boutin;Rezé;https://pom-e.compostri.fr/composteur/neopolis-2;47.19005499874069, -1.5653929998356049
409;Le Potager de la Gare;Jardin;2023;121 Impasse de la Gare;Saint-Herblain;https://pom-e.compostri.fr/composteur/le-potager-de-la-gare;47.20400899937323, -1.6620310004790486
416;Résidence Le Muguet;Composteur ouvert au quartier;2023;34 Rue du Lieutenant Auge, 44230 Saint-Sébastien-sur-Loire;Saint-Sébastien-sur-Loire;https://pom-e.compostri.fr/composteur/residence-le-muguet;47.19726399927602, -1.5206079999899635
418;Debussy;Composteur ouvert au quartier;2023;Allée Debussy;Saint-Sébastien-sur-Loire;https://pom-e.compostri.fr/composteur/debussy;47.207415999293474, -1.4892719998169626
419;FJT Bréa;Composteur en résidence - copropriété;2023;Édit de Nantes Habitat Jeunes 9 rue de Bréa, 44000 NANTES;Nantes;https://pom-e.compostri.fr/composteur/fjt-brea;47.210871999497165, -1.5654759994975898
420;Lucie Aubrac;Composteur ouvert au quartier;2023;9 rue Lucie Aubrac;Saint-Herblain;https://pom-e.compostri.fr/composteur/lucie-aubrac;47.21749799950646, -1.6197529995505442
421;Hippodrome;Composteur en résidence - copropriété;2023;25 Bd des Tribunes;Nantes;https://pom-e.compostri.fr/composteur/hippodrome;47.247789998737275, -1.5685650006157317
423;Les Marsauderies;Composteur en résidence - copropriété;2023;Allée Anne-Marie Imbrecq;Nantes;https://pom-e.compostri.fr/composteur/les-marsauderies;47.242729999126574, -1.5320400004722183
430;Le Clos de la Rivaudière 2;Composteur en résidence - copropriété;;15 rue de la Johardiere;Saint-Herblain;https://pom-e.compostri.fr/composteur/le-clos-de-la-rivaudiere-2;47.22568899903737, -1.6504671005159606
439;Square Washington 2;Composteur ouvert au quartier;2023;Square Washington;Nantes;https://pom-e.compostri.fr/composteur/square-washington-2;47.233324998832565, -1.5739909995681751
442;Ecole Jean Jaurès;Composteur Pédagogique en établissement scolaire;2023;1 Rue Paul Ploquin;Rezé;https://pom-e.compostri.fr/composteur/ecole-jean-jaures;47.19454899899296, -1.5795700001123325
452;Emmaüs 44;Composteur en résidence - copropriété;2023;La Guilloterie, Rue d'Emmaüs, 44340 Bouguenais;Bouguenais;https://pom-e.compostri.fr/composteur/emmaus-44;47.16004799863618, -1.5597219999507996
460;La Frat' 2;Composteur ouvert au quartier;2023;3 rue Amiral du Chaffault;Nantes;https://pom-e.compostri.fr/composteur/la-frat-2;47.2100089995139, -1.5800639998739512
14;Ecole Jacques Prévert;Composteur Pédagogique en établissement scolaire;2010;38 rue du Breil;Nantes;https://pom-e.compostri.fr/composteur/ecole-jacques-prevert;47.228516998718604, -1.5836871002441892
19;Murillo/Les Excuriales;Composteur en résidence - copropriété;2010;5 allée Murillo 44300 direct à gauche après le portail;Nantes;https://pom-e.compostri.fr/composteur/murillo-les-excuriales;47.25805339931159, -1.5169751000693734
51;Ecole George Sand;Composteur Pédagogique en établissement scolaire;2012;83 rue des Renards;Nantes;https://pom-e.compostri.fr/composteur/ecole-george-sand;47.259078999479186, -1.5689220001373414
52;Ecole Jules Ferry;Composteur Pédagogique en établissement scolaire;2012;Rue de la gare;Indre;https://pom-e.compostri.fr/composteur/ecole-jules-ferry;47.20138299928065, -1.6690229999007762
69;CSC Port au Blé;Composteur ouvert au quartier;2013;rue Vega;Rezé;https://pom-e.compostri.fr/composteur/csc-port-au-ble;47.19193499910114, -1.5582230000308757
73;Ecole François Dallet;Composteur Pédagogique en établissement scolaire;2013;148 boulevard des Poilus;Nantes;https://pom-e.compostri.fr/composteur/ecole-francois-dallet;47.23447099943363, -1.5337350005183872
115;Vore-Koff;Composteur ouvert au quartier;2014;rue de Chypre;Nantes;https://pom-e.compostri.fr/composteur/vore-koff;47.2158787518079, -1.5240184220242727
136;Canopia;Composteur ouvert au quartier;2015;angle rue Anita Conti et Chemin de l'éco butte (111 mail Haroun Tazieff);Nantes;https://pom-e.compostri.fr/composteur/canopia;47.238860998929724, -1.5115000002842214
141;Bois de Chézine;Composteur en résidence - copropriété;2016;128 boulevard du Massacre;Saint-Herblain;https://pom-e.compostri.fr/composteur/bois-de-chezine;47.2307579987437, -1.5947509998289082
170;Ecole Emilienne Leroux;Composteur Pédagogique en établissement scolaire;2017;Rue des Violettes;Saint-Jean de Boiseau;https://pom-e.compostri.fr/composteur/ecole-emilienne-leroux;47.193030999418774, -1.724767899763574
171;Dépôts des pots;Composteur ouvert au quartier;2017;Jardin des Plantes;Nantes;https://pom-e.compostri.fr/composteur/depots-des-pots;47.2206863988769, -1.5449958003382533
178;Pirotterie;Composteur ouvert au quartier;2017;25 rue Suzanne Valadon;Rezé;https://pom-e.compostri.fr/composteur/pirotterie;47.167580999184004, -1.5552849995038482
179;Le Keraban;Composteur ouvert au quartier;2017;15 rue de Bretagne;Sautron;https://pom-e.compostri.fr/composteur/le-keraban;47.26130199922606, -1.6678250000631798
181;Résidence des Isles;Composteur en résidence - copropriété;2017;5-7 rue du Chateau de l’Isle;Saint-Sébastien-sur-Loire;https://pom-e.compostri.fr/composteur/residence-des-isles;47.21033199868012, -1.4948469997773859
182;Les Perrières 2;Composteur ouvert au quartier;2017;Avenue des Perrières;La Chapelle-sur-Erdre;https://pom-e.compostri.fr/composteur/les-perrieres-2;47.309947998733705, -1.5466750003334122
197;Pierre et Marie Curie;Composteur en résidence - copropriété;2018;20 bis rue Pierre et Marie Curie;Nantes;https://pom-e.compostri.fr/composteur/pierre-et-marie-curie;47.22308799916834, -1.524718999800073
202;Interlude;Composteur ouvert au quartier;2018;106 Boulevard des Belges;Nantes;https://pom-e.compostri.fr/composteur/interlude;47.23553399921662, -1.5442429994647822
234;Cours Cathuis;Composteur ouvert au quartier;2019;Rue du Poitou;Nantes;https://pom-e.compostri.fr/composteur/cours-cathuis;47.222637998800764, -1.5635549998522138
238;Val de Cens;Composteur en résidence - copropriété;2019;Impasse du Val  de Cens;Orvault;https://pom-e.compostri.fr/composteur/val-de-cens;47.26230699940068, -1.595713000685123
252;L'Air du compost;Composteur en résidence - copropriété;2019;2 avenue de l’air du temps;Nantes;https://pom-e.compostri.fr/composteur/lair-du-compost;47.267664999144856, -1.525082999959895
260;Manufacture;Composteur ouvert au quartier;2020;10 rue de la Havanne;Nantes;https://pom-e.compostri.fr/composteur/manufacture;47.22018819940898, -1.5364939997951415
263;Docteur Gustave Rappin;Composteur en résidence - copropriété;;43 rue du Docteur Gustave Rappin;Nantes;https://pom-e.compostri.fr/composteur/docteur-gustave-rappin;47.226974999408284, -1.5768860004505725
271;Clos Saint Julien 2;Composteur ouvert au quartier;2020;Parc du Clos Saint Julien;Bouguenais;https://pom-e.compostri.fr/composteur/clos-saint-julien-2;47.18346599908395, -1.5820270000830623
272;Edmond Rostand;Composteur en résidence - copropriété;2020;22 - 24 rue Edmond Rostand;Nantes;https://pom-e.compostri.fr/composteur/edmond-rostand;47.221062598719094, -1.5292383006265549
282;Les Peupliers;Composteur en résidence - copropriété;2020;Allée des Peupliers;Nantes;https://pom-e.compostri.fr/composteur/les-peupliers;47.234723998769084, -1.5194009994773088
288;Léon sécher;Composteur ouvert au quartier;2020;Chemin de la Motte;Rezé;https://pom-e.compostri.fr/composteur/leon-secher;47.182663999263, -1.531804999882212
295;Basse Lande;Composteur ouvert au quartier;2021;2-4 rue de la Basse Lande / 1 Imp. Francis Blourde, 44400 Rezé;Rezé;https://pom-e.compostri.fr/composteur/basse-lande;47.179805998794045, -1.5396000004491273
318;Léard et la Matière;Composteur en résidence - copropriété;2021;6 rue du Petit Léard;Rezé;https://pom-e.compostri.fr/composteur/leard-et-la-matiere;47.18798699923601, -1.5532880002158158
325;Square Anatole France 2;Composteur ouvert au quartier;;Place Anatole France;Couëron;https://pom-e.compostri.fr/composteur/square-anatole-france-2;47.21062099920053, -1.7303520004005875
354;Les Jardins de la Chevasnerie;Jardin;2021;118 Bd de la Solidarité;Nantes;https://pom-e.compostri.fr/composteur/les-jardins-de-la-chevasnerie;47.21676399886594, -1.5983269997577916
370;Tissatoit;Composteur ouvert au quartier;2022;93 rue de la Bastille;Nantes;https://pom-e.compostri.fr/composteur/tissatoit;47.22005899938971, -1.5739440002781842
375;La Madeleine;Composteur en résidence - copropriété;2022;51 ter rue de la moisdonnière;Nantes;https://pom-e.compostri.fr/composteur/la-madeleine;47.235155604443946, -1.5329880918662917
384;Carré Vert;Composteur ouvert au quartier;2022;rue Anne-claude Godeau;Sainte-Luce/Loire;https://pom-e.compostri.fr/composteur/carre-vert;47.254157998879634, -1.4640719999191365
394;L'Arche 135;Composteur en résidence - copropriété;2022;1-3-5 avenue de l'Arche;Nantes;https://pom-e.compostri.fr/composteur/larche-135;47.2214969989287, -1.5831769996357534
398;Vannes Lonchamp;Composteur en résidence - copropriété;2022;7 avenue Gergaud;Nantes;https://pom-e.compostri.fr/composteur/vannes-lonchamp;47.23706099937082, -1.5833089997236929
407;Les Jardins de Longchamp;Composteur en résidence - copropriété;2023;75 rue Hector Berlioz;Nantes;https://pom-e.compostri.fr/composteur/les-jardins-de-longchamp;47.23808799877141, -1.5796109999853065
426;Martellière 2;Composteur en résidence - copropriété;2023;24 rue Bonne Garde;Saint-Sébastien-sur-Loire;https://pom-e.compostri.fr/composteur/martelliere-2;47.19711399898909, -1.5268099994672106
429;La Robertière 2;Composteur en résidence - copropriété;;4 avenue Florencio Martinez;Saint-Herblain;https://pom-e.compostri.fr/composteur/la-robertiere-2;47.20923879908589, -1.647400300088203
437;Jardin des Noëlles;Composteur en résidence - copropriété;;rue du Congo;Saint-Herblain;https://pom-e.compostri.fr/composteur/jardin-des-noelles;47.240121999280476, -1.6082250002752487
453;La Confinerie;Composteur en résidence - copropriété;2023;13 rue Alsace Lorraine;Rezé;https://pom-e.compostri.fr/composteur/la-confinerie;47.193365999062046, -1.5445379995796351
454;Parc du Croissant 2;Composteur ouvert au quartier;;33 avenue Jean-Jacques Auneau;Nantes;https://pom-e.compostri.fr/composteur/parc-du-croissant-2;47.23549699941799, -1.5250019999440791
461;Front populaire;Composteur ouvert au quartier;;4 mail du front populaire;Nantes;https://pom-e.compostri.fr/composteur/front-populaire;47.20647199891172, -1.5635629998403708
465;Jean Baptiste Vigier;Composteur en résidence - copropriété;2023;51 rue Jean Baptiste Vigier;Rezé;https://pom-e.compostri.fr/composteur/jean-baptiste-vigier;47.18924799880609, -1.5415260002895863
466;Sourdille;Composteur ouvert au quartier;;4 Bd des Professeurs Sourdille, 44000 Nantes;Nantes;https://pom-e.compostri.fr/composteur/sourdille;47.23426099873111, -1.5474939995389285
2;Beaulieu;Composteur en résidence - copropriété;2009;allée de la cité;Nantes;https://pom-e.compostri.fr/composteur/beaulieu;47.207747999277714, -1.540578000648382
5;Russeil;Composteur en résidence - copropriété;2009;53-51 rue Russeil;Nantes;https://pom-e.compostri.fr/composteur/russeil;47.22292299904165, -1.5622320005430288
8;Ecole Ange Guépin;Composteur Pédagogique en établissement scolaire;2010;4 rue de la Révolution des Oeillets;Nantes;https://pom-e.compostri.fr/composteur/ecole-ange-guepin;47.217546599442095, -1.5192799999772357
27;Alphonse Braud;Composteur ouvert au quartier;2016;34 rue Gutenberg;Nantes;https://pom-e.compostri.fr/composteur/alphonse-braud;47.202295999024095, -1.5860490006146362
59;La Closerie de l'Arche;Composteur en résidence - copropriété;2012;Résidence La Closerie de l'Arche, bd Mérot du Barre.;Saint-Sébastien-sur-Loire;https://pom-e.compostri.fr/composteur/la-closerie-de-larche;47.20829899867723, -1.5025849998060732
94;Cantine du 8 Mai;Composteur ouvert au quartier;2014;rue du 8 mai;Bouguenais;https://pom-e.compostri.fr/composteur/cantine-du-8-mai;47.17857209869815, -1.6200723004644917
95;Cité des hauts Pavés;Composteur ouvert au quartier;2014;rue d'Aunis;Nantes;https://pom-e.compostri.fr/composteur/cite-des-hauts-paves;47.22375899891673, -1.5659779998738816
100;Jardin de Gaia;Jardin;2014;6174 avenue Robert Schuman;Bouaye;https://pom-e.compostri.fr/composteur/jardin-de-gaia;47.15740599918996, -1.6756240004377183
110;Moulin des rives;Composteur ouvert au quartier;2014;impasse des Guiffettes;Saint-Aignan-Grandlieu;https://pom-e.compostri.fr/composteur/moulin-des-rives;47.12413399876497, -1.6302170002247025
123;Haubans;Composteur en résidence - copropriété;2015;4 jue Jean Gorin;Nantes;https://pom-e.compostri.fr/composteur/haubans;47.20934899905457, -1.5289677997595712
163;3 Moulins;Composteur ouvert au quartier;2017;30 rue Augustin Mouillé;Rezé;https://pom-e.compostri.fr/composteur/3-moulins;47.17877549927531, -1.5484911997174027
166;Ecole Gaston Serpette;Composteur Pédagogique en établissement scolaire;2017;23 rue Edmond Bire;Nantes;https://pom-e.compostri.fr/composteur/ecole-gaston-serpette;47.227712798945156, -1.5774023001543398
192;Renaudière;Composteur en résidence - copropriété;2018;3 allée de la Renaudière;Nantes;https://pom-e.compostri.fr/composteur/renaudiere;47.24929799921854, -1.530213000563457
196;Les Renards;Composteur ouvert au quartier;2018;Coulée des Renards > avenue  d’Orsay;Nantes;https://pom-e.compostri.fr/composteur/les-renards;47.25659499864049, -1.5629060004769662
218;Place du Village Comm'un Jardin;Composteur ouvert au quartier;2018;Angle rue des collines et mail Haroun Tazieff;Nantes;https://pom-e.compostri.fr/composteur/place-du-village-commun-jardin;47.2435109987359, -1.5171009998659468
226;Centre Nautique;Composteur en résidence - copropriété;2019;route de la Jonelière;Nantes;https://pom-e.compostri.fr/composteur/centre-nautique;47.25866299921588, -1.539214999905334
233;Le Comptoir des Alouettes;Composteur ouvert au quartier;2019;19 rue des Alouettes;Nantes;https://pom-e.compostri.fr/composteur/le-comptoir-des-alouettes;47.201260999355526, -1.6026130005504082
241;FJT Port Beaulieu / Jardilien 2;Composteur ouvert au quartier;2019;Angle rue des Frères Mano et rue Louis Joxe;Nantes;https://pom-e.compostri.fr/composteur/fjt-port-beaulieu-jardilien-2;47.206183999089966, -1.5424260002566204
245;Composteur Procé;Composteur ouvert au quartier;2019;16 rue Chéneau;Nantes;https://pom-e.compostri.fr/composteur/composteur-proce;47.21915099937213, -1.5858410006538797
249;Croix des Landes;Composteur ouvert au quartier;2019;Place de la Croix des Landes;Saint-Sébastien-sur-Loire;https://pom-e.compostri.fr/composteur/croix-des-landes;47.19404099889753, -1.476349999892381
250;Chez Val;Composteur en résidence - copropriété;2019;21 Boulevard du Val de Chézine;Saint-Herblain;https://pom-e.compostri.fr/composteur/chez-val;47.23342099912377, -1.5974550000396053
255;Jardins de la Beaujoire;Composteur en résidence - copropriété;2019;20 avenue Josselin;Nantes;https://pom-e.compostri.fr/composteur/jardins-de-la-beaujoire;47.25990399865451, -1.5137870003570295
264;Fresch’eur;Composteur ouvert au quartier;;Rond-Point de la Noe;Nantes;https://pom-e.compostri.fr/composteur/frescheur;47.24826899942493, -1.5520730002390806
275;La Victoire;Composteur en résidence - copropriété;;3, rue de la Victoire;Nantes;https://pom-e.compostri.fr/composteur/la-victoire;47.236768999283264, -1.5675610004687308
281;Solilab / Écossolies;Composteur ouvert au quartier;2020;8 rue saint Domingue, 44200, Nantes;Nantes;https://pom-e.compostri.fr/composteur/solilab-ecossolies;47.201342998791986, -1.5699129995784114
286;Françoise Giroud;Composteur ouvert au quartier;2020;2 rue Berthe Albrecht;Saint-Herblain;https://pom-e.compostri.fr/composteur/francoise-giroud;47.217096999055414, -1.6409889998924008
299;La Bouchautterie;Composteur en résidence - copropriété;2021;69 rue Bouchaud;Nantes;https://pom-e.compostri.fr/composteur/la-bouchautterie;47.21890399870615, -1.5786299996903654
300;Ecole Les Reigners;Composteur Pédagogique en établissement scolaire;2020;Ecole Vertou;Vertou;https://pom-e.compostri.fr/composteur/ecole-les-reigners;47.137018998769065, -1.4630189997049245
301;Papotager;Jardin;2021;Square Gabriel Chéreau;Nantes;https://pom-e.compostri.fr/composteur/papotager;47.21114699903034, -1.5628959994180898
303;Jardin Erdre et Parc;Jardin;2021;5 bis rue de Port la Blanche;Nantes;https://pom-e.compostri.fr/composteur/jardin-erdre-et-parc;47.26956699864359, -1.5127450004683496
338;Verdun;Composteur en résidence - copropriété;2021;Rue des trois rois;Nantes;https://pom-e.compostri.fr/composteur/verdun;47.22894499860581, -1.5277030005724166
339;Les Mouchots;Composteur en résidence - copropriété;2021;1 rue René Mouchotte;Nantes;https://pom-e.compostri.fr/composteur/les-mouchots;47.20011099878368, -1.5483229997454169
353;Vieux Pin Sec 2 (le colibri);Composteur ouvert au quartier;2021;3 rue de Valenciennes;Nantes;https://pom-e.compostri.fr/composteur/vieux-pin-sec-2-le-colibri;47.24307977900797, -1.5215012530952874
355;Le Cèdre;Composteur en résidence - copropriété;2022;49 rue Félix Lemoine;Nantes;https://pom-e.compostri.fr/composteur/le-cedre;47.23791599937902, -1.5452760000513586
360;Gendarmerie Sainte Luce;Composteur en résidence - copropriété;2022;20 route de Thouaré;Sainte-Luce/Loire;https://pom-e.compostri.fr/composteur/gendarmerie-sainte-luce-1;47.25580399889682, -1.4695640003837958
368;Crucy fouré;Composteur en résidence - copropriété;2022;résidence NMH par passage joseph paris ou 6 rue émile Masson;Nantes;https://pom-e.compostri.fr/composteur/crucy-foure;47.213904999211415, -1.5475299999032905
383;Le Bignon;Composteur ouvert au quartier;2022;25 rue Alfred Nobel;Orvault;https://pom-e.compostri.fr/composteur/le-bignon;47.24812099947546, -1.5945620004842453
397;Le jardin d'Edgar;Jardin;2022;54 rue Edgar Quinet;Nantes;https://pom-e.compostri.fr/composteur/le-jardin-dedgar;47.215434999096956, -1.5844919993821882
447;Jardin de la solidarité;Composteur ouvert au quartier;2023;;La Chapelle-sur-Erdre;https://pom-e.compostri.fr/composteur/jardin-de-la-solidarite;47.298648999258035, -1.5498879997855937
462;60 B 2;Composteur ouvert au quartier;;60 rue Bottière;Nantes;https://pom-e.compostri.fr/composteur/60-b-2;47.23925199895882, -1.519855000055003
467;Bois du Cens;Composteur en résidence - copropriété;2023;Allée des iles Loyauté;Nantes;https://pom-e.compostri.fr/composteur/bois-du-cens;47.243554998955844, -1.5723790004452476
10;Ecole Dervallières-Chézine;Composteur Pédagogique en établissement scolaire;2010;1 rue Auguste Lepère;Nantes;https://pom-e.compostri.fr/composteur/ecole-dervallieres-chezine;47.227072599057585, -1.5976217993868733
50;Ecole Fonteny;Composteur Pédagogique en établissement scolaire;2012;33 rue de Fonteny;Nantes;https://pom-e.compostri.fr/composteur/ecole-fonteny;47.205040998812024, -1.5926450003298007
90;Toscani - Sainte-Thérése;Composteur en résidence - copropriété;2013;61 boulevard Jean XXIII;Nantes;https://pom-e.compostri.fr/composteur/toscani-sainte-therese;47.232167398947404, -1.5763191005647377
120;École Réformes;Composteur Pédagogique en établissement scolaire;2015;12 rue des reformes;Nantes;https://pom-e.compostri.fr/composteur/ecole-reformes;47.19946799892846, -1.5911159997627005
137;Blordière;Composteur en résidence - copropriété;2015;3 allée Brunelière;Rezé;https://pom-e.compostri.fr/composteur/blordiere;47.18029899922603, -1.533312000535537
140;Cruère;Composteur en résidence - copropriété;2016;15 boulevard Jean Moulin;Nantes;https://pom-e.compostri.fr/composteur/cruere;47.20208199893579, -1.6049510006452874
145;Ecole Lucie Aubrac;Composteur Pédagogique en établissement scolaire;2016;"47 boulevard Jean Moulin
44100 Nantes";Nantes;https://pom-e.compostri.fr/composteur/ecole-lucie-aubrac;47.20835199910043, -1.6004409994157955
156;Ingénieurs – Jonelière;Composteur ouvert au quartier;2016;1 rue des Ingénieurs;Nantes;https://pom-e.compostri.fr/composteur/ingenieurs-joneliere;47.252163999295185, -1.5453099994923676
159;Le Petit Bel Air;Composteur en résidence - copropriété;2017;17 rue du Petit Bel Air;Nantes;https://pom-e.compostri.fr/composteur/le-petit-bel-air;47.23931079934217, -1.526711300446549
169;Galilée;Composteur en résidence - copropriété;2017;41-43 rue de Galilée;Nantes;https://pom-e.compostri.fr/composteur/galilee;47.205920998933934, -1.5862689003612451
174;Les Courtils;Composteur en résidence - copropriété;2017;4 rue des Courtils;Nantes;https://pom-e.compostri.fr/composteur/les-courtils;47.20018299895274, -1.5935300005674145
188;Smyrne;Composteur ouvert au quartier;2018;rue de Smyrne;Nantes;https://pom-e.compostri.fr/composteur/smyrne;47.24041399927447, -1.5825979998854027
189;Potager 16 Watts;Jardin;2018;5 rue de l’Echappée;Nantes;https://pom-e.compostri.fr/composteur/potager-16-watts;47.20357999863623, -1.5480309994033083
191;Le Ronsard;Composteur en résidence - copropriété;2018;39 rue du Calvaire de Grillaud;Nantes;https://pom-e.compostri.fr/composteur/le-ronsard;47.22019699937249, -1.5809350003621458
193;Erdréa;Composteur en résidence - copropriété;2018;38 rue de la Planche au Gué;Nantes;https://pom-e.compostri.fr/composteur/erdrea;47.272054999379314, -1.519823000400877
205;Le Marigny;Composteur en résidence - copropriété;2018;4 rue François Evellin;Nantes;https://pom-e.compostri.fr/composteur/le-marigny;47.21922899888059, -1.5383290002518062
214;Ba'Bonheur;Composteur ouvert au quartier;2018;17, rue Babonneau;Nantes;https://pom-e.compostri.fr/composteur/babonheur;47.20740899910762, -1.5774870000518024
225;Square Gaston Turpin;Composteur ouvert au quartier;2019;Square Gaston Turpin;Nantes;https://pom-e.compostri.fr/composteur/square-gaston-turpin;47.22435199919734, -1.5416890002284047
246;Chapidock;Composteur ouvert au quartier;2019;62 Quai du Président Wilson;Nantes;https://pom-e.compostri.fr/composteur/chapidock;47.20028399885042, -1.5712919996509618
258;Les Roches Blanches;Composteur en résidence - copropriété;2019;1 rue des soupirs;Nantes;https://pom-e.compostri.fr/composteur/les-roches-blanches;47.237876998947165, -1.547695000239901
261;Place du Village Trépied;Composteur ouvert au quartier;2020;Allée du Dr Meeus;Nantes;https://pom-e.compostri.fr/composteur/place-du-village-trepied;47.21974099895691, -1.561133999339573
276;Mitrie Chalâtres;Composteur en résidence - copropriété;2020;9 rue de la mitrie;Nantes;https://pom-e.compostri.fr/composteur/mitrie-chalatres;47.2268159990933, -1.5320729998489735
287;Le Ménétrier;Composteur en résidence - copropriété;2020;4-17 avenue Félix Ménétrier;Nantes;https://pom-e.compostri.fr/composteur/le-menetrier;47.242525999453015, -1.5267159995760444
290;Les Rochellets;Composteur en résidence - copropriété;2020;Square des Rochellets;Nantes;https://pom-e.compostri.fr/composteur/les-rochellets;47.20959099932925, -1.6091719998182772
291;Promenade des Nefs;Composteur en résidence - copropriété;2021;1 Promenade des Nefs;Nantes;https://pom-e.compostri.fr/composteur/promenade-des-nefs;47.20785899903191, -1.591946999628548
298;Plaisance;Composteur en résidence - copropriété;2021;Square allée de la Rance;Orvault;https://pom-e.compostri.fr/composteur/plaisance;47.24105199860916, -1.5896430005015227
316;Saint Clair;Composteur en résidence - copropriété;2021;14 avenue du cimetière Saint Clair;Nantes;https://pom-e.compostri.fr/composteur/saint-clair;47.21462099906447, -1.5929469999947687
324;Chemin Poisson 2;Composteur ouvert au quartier;2021;Chemin Poisson;Nantes;https://pom-e.compostri.fr/composteur/chemin-poisson-2;47.19884899935243, -1.591190000234232
326;Coulmiers 2;Composteur en résidence - copropriété;2021;54 rue Coulmiers;Nantes;https://pom-e.compostri.fr/composteur/coulmiers-2;47.22310599947929, -1.5373039995081703
328;Neo Verde;Composteur en résidence - copropriété;2021;9 rue Louis Joxe;Nantes;https://pom-e.compostri.fr/composteur/neo-verde;47.20518736641647, -1.5465095619925775
330;Georges Bizot;Composteur en résidence - copropriété;2021;8 rue Georges Bizot;Nantes;https://pom-e.compostri.fr/composteur/georges-bizot;47.23406599944116, -1.5674799998479751
342;Lamour Les Forges 2;Composteur ouvert au quartier;2021;11 rue Henri Lamour;Rezé;https://pom-e.compostri.fr/composteur/lamour-les-forges-2;47.1891679987315, -1.5484270002698755
350;La Sèvre;Composteur en résidence - copropriété;2021;66 rue Jean-Baptiste Vigier;Rezé;https://pom-e.compostri.fr/composteur/la-sevre;47.188412998793254, -1.54180600025695
357;City Stade Monteil;Composteur ouvert au quartier;2022;rue Emile Pehant / rue Monteil;Nantes;https://pom-e.compostri.fr/composteur/city-stade-monteil;47.21323999893754, -1.5484520001682258
363;Caserne Mellinet;Composteur ouvert au quartier;2022;31 Rue Gabrielle le Pan de Ligny, 44000 Nantes;Nantes;https://pom-e.compostri.fr/composteur/caserne-mellinet;47.228685998962135, -1.538925999884465
373;Louis D'Auvergne;Composteur en résidence - copropriété;2022;18 Rue Louis Blanc NANTES;Nantes;https://pom-e.compostri.fr/composteur/louis-dauvergne;47.206303999268314, -1.5552889998703538
380;Résidence Joffre;Composteur en résidence - copropriété;2022;12-14 rue Joffre;Nantes;https://pom-e.compostri.fr/composteur/residence-joffre;47.22282799911571, -1.5468279995871557
400;ile Sainte Anne;Composteur ouvert au quartier;2023;28 boulevard Babin Chevaye;Nantes;https://pom-e.compostri.fr/composteur/ile-sainte-anne;47.20613299950708, -1.5519229996191954
402;Maison Radieuse 2;Composteur en résidence - copropriété;2022;Maison radieuse, blvd Le Corbusier;Rezé;https://pom-e.compostri.fr/composteur/maison-radieuse-2;47.188949999000684, -1.569277000383249
411;Louis Renault;Composteur en résidence - copropriété;2022;18 rue Louis Renault;Sainte-Luce/Loire;https://pom-e.compostri.fr/composteur/louis-renault;47.2585979987351, -1.478744999328618
413;Charles Lebourg 2;Composteur ouvert au quartier;2022;1 rue Charles Lebourg;Nantes;https://pom-e.compostri.fr/composteur/charles-lebourg-2;47.2337439986412, -1.5607160005934504
451;Mozaïk des Garettes;Composteur en résidence - copropriété;2023;rue de la Métairie;Orvault;https://pom-e.compostri.fr/composteur/mozaik-des-garettes;47.27460199941645, -1.6315570001903887
455;Les Sitelles;Composteur en résidence - copropriété;2023;38 Bd de Chézine;Saint-Herblain;https://pom-e.compostri.fr/composteur/les-sitelles;47.23440199912544, -1.5988899999058563
463;CSC Soleil Levant 2;Composteur ouvert au quartier;;44 rue de la Blanche;Saint-Herblain;https://pom-e.compostri.fr/composteur/csc-soleil-levant-2;47.219728999257676, -1.6093239999506408
464;Le Brabant;Composteur en résidence - copropriété;2023;99 Bd des Belges;Nantes;https://pom-e.compostri.fr/composteur/le-brabant;47.23431199941083, -1.542388000233322
468;L'Echalier;Composteur en résidence - copropriété;2023;7 rue Soubzmain;Nantes;https://pom-e.compostri.fr/composteur/lechalier;47.23239499897723, -1.5586269997949134
37;Jardin Famibio;Composteur ouvert au quartier;2011;19, rue du Moulin des Chalonges;Thouaré-sur-Loire;https://pom-e.compostri.fr/composteur/jardin-famibio;47.27461839932001, -1.429468900657704
57;FJT Grand Voile;Composteur ouvert au quartier;2012;2 rue marion cahour;Rezé;https://pom-e.compostri.fr/composteur/fjt-grand-voile;47.189655198794505, -1.5641083004444476
66;Cholière;Composteur ouvert au quartier;2013;rue Alphonse Beillevaire;Orvault;https://pom-e.compostri.fr/composteur/choliere;47.24969899863552, -1.6054680000338886
97;Cuisine Ecole Ferrière;Composteur Pédagogique en établissement scolaire;2014;Avenue de la Ferrière;Orvault;https://pom-e.compostri.fr/composteur/cuisine-ecole-ferriere;47.24497099923392, -1.591808000233243
99;Ecole de la Bernardière;Composteur Pédagogique en établissement scolaire;2014;4 Rue de Marseille;Saint-Herblain;https://pom-e.compostri.fr/composteur/ecole-de-la-bernardiere;47.20631799874052, -1.6169539993827993
108;Les Côteaux;Composteur en résidence - copropriété;2014;rue de Marseille et rue de Camargue;Saint-Herblain;https://pom-e.compostri.fr/composteur/les-coteaux;47.20509199894213, -1.6162129995834258
119;École Jean Zay;Composteur Pédagogique en établissement scolaire;2015;19 rue Yves Kartel;Nantes;https://pom-e.compostri.fr/composteur/ecole-jean-zay;47.2088469989868, -1.607362999487907
133;École Pont Marchand;Composteur Pédagogique en établissement scolaire;2015;26 rue Pont Marchand;Orvault;https://pom-e.compostri.fr/composteur/ecole-pont-marchand;47.26367699868557, -1.6319339999876938
135;Koufra;Composteur en résidence - copropriété;2015;12 rue Koufra;Nantes;https://pom-e.compostri.fr/composteur/koufra;47.2436909989962, -1.528226000258373
138;Maison de Coluche;Composteur ouvert au quartier;2015;37 rue de la Pâture;Nantes;https://pom-e.compostri.fr/composteur/maison-de-coluche;47.23087299896295, -1.5040480000129872
142;Square Flaubert;Composteur ouvert au quartier;2016;rue Gustave Flaubert;Rezé;https://pom-e.compostri.fr/composteur/square-flaubert;47.184244998810215, -1.5572089997777803
143;FJT Embarcadère;Composteur en résidence - copropriété;2016;1 rue de gigant 44 100 Nantes;Nantes;https://pom-e.compostri.fr/composteur/fjt-embarcadere;47.21423699882502, -1.5685319993695253
162;Amazonia Garden;Jardin;2017;rue de tchecoslovaquie;Nantes;https://pom-e.compostri.fr/composteur/amazonia-garden;47.21443819912579, -1.5329548004046438
187;Recyclindre;Composteur ouvert au quartier;2018;Allée de l’Indre / 26 rue Marcel Paul;Nantes;https://pom-e.compostri.fr/composteur/recyclindre;47.214292999267194, -1.5377649994315654
201;FJT Chanteclerc;Composteur ouvert au quartier;2018;42 rue Chanteclerc;Nantes;https://pom-e.compostri.fr/composteur/fjt-chanteclerc;47.23562999942476, -1.5787769995095742
210;Acacias;Composteur en résidence - copropriété;2018;Avenue de Tahiti;Nantes;https://pom-e.compostri.fr/composteur/acacias;47.243730999469285, -1.5737789994927192
212;Cité Le Bossis;Composteur ouvert au quartier;2018;Place Marin Poirier;Couëron;https://pom-e.compostri.fr/composteur/cite-le-bossis;47.21175599862307, -1.7133790000098472
216;Domaine d'Esté;Composteur en résidence - copropriété;2018;2 rue Vivianne Forrester;Nantes;https://pom-e.compostri.fr/composteur/domaine-deste;47.254798999117284, -1.5054750002383865
223;Square Lebée;Composteur ouvert au quartier;2018;14 rue Marceau;Nantes;https://pom-e.compostri.fr/composteur/square-lebee;47.216200999033106, -1.563468999685712
228;Coche d'eau;Composteur en résidence - copropriété;2019;4 avenue du Coche d’eau;Nantes;https://pom-e.compostri.fr/composteur/coche-deau;47.2245659988372, -1.5560609996599999
239;Jardin des Petits Débrouillards 2;Composteur ouvert au quartier;2019;19 rue Jean-Marc Nattier;Nantes;https://pom-e.compostri.fr/composteur/jardin-des-petits-debrouillards-2;47.224724999410384, -1.5914209993984043
240;Haute Feuille;Composteur en résidence - copropriété;2019;12 rue des 7 Maires Charette;Nantes;https://pom-e.compostri.fr/composteur/haute-feuille;47.21943399876293, -1.580470000350891
253;Place du Village Le Fort de Saint Jo;Composteur ouvert au quartier;2020;15 Lieux rue du Fort;Nantes;https://pom-e.compostri.fr/composteur/place-du-village-le-fort-de-saint-jo;47.264831999054614, -1.528825999771782
257;GB357;Composteur en résidence - copropriété;2019;3 Rue de la Grande biesse;Nantes;https://pom-e.compostri.fr/composteur/gb357;47.20630199881356, -1.5488819994513068
259;Multi Accueil Jules Verne;Composteur ouvert au quartier;2019;rue des Réformes;Nantes;https://pom-e.compostri.fr/composteur/multi-accueil-jules-verne;47.19904699863477, -1.5913040003842227
279;Les Pas Enchantés;Composteur en résidence - copropriété;2020;11 Rue du Dr Paul Michaux;Saint-Sébastien-sur-Loire;https://pom-e.compostri.fr/composteur/les-pas-enchantes;47.20853199940964, -1.5121449993933038
284;La Cocotte Solidaire;Composteur ouvert au quartier;2020;Ile de Versailles par rue de Chateaulin;Nantes;https://pom-e.compostri.fr/composteur/la-cocotte-solidaire;47.226628998845825, -1.5542110003415015
292;Rollin;Composteur en résidence - copropriété;2020;11 rue Rollin;Nantes;https://pom-e.compostri.fr/composteur/rollin;47.20995199865664, -1.5760150002753428
297;Boissière;Jardin;;rue André Chenier;Nantes;https://pom-e.compostri.fr/composteur/boissiere;47.25400699926277, -1.5680310001554836
307;Bois Coquelin;Composteur ouvert au quartier;2021;20 Chemin du Bois Coquelin;Rezé;https://pom-e.compostri.fr/composteur/bois-coquelin;47.19071699936743, -1.5521279994429942
310;ESAT les Iris;Composteur en résidence - copropriété;2021;7 avenue de l'Europe;Thouaré-sur-Loire;https://pom-e.compostri.fr/composteur/esat-les-iris;47.28294399881274, -1.4479920004949605
329;École Félix Tessier;Composteur Pédagogique en établissement scolaire;2020;40 rue Olympe de Gouges;Sainte-Luce/Loire;https://pom-e.compostri.fr/composteur/ecole-felix-tessier;47.255456543458514, -1.4631578477956144
351;Ecole Plancher;Composteur Pédagogique en établissement scolaire;2022;3 rue Georges Grille;Rezé;https://pom-e.compostri.fr/composteur/ecole-plancher;47.19045999879058, -1.5710209996232898
367;Crémetterie;Composteur ouvert au quartier;2022;15 rue de l'Ecole;Saint-Herblain;https://pom-e.compostri.fr/composteur/cremetterie;47.215637999060746, -1.6082300005091856
369;ADOMA;Composteur en résidence - copropriété;2022;2 allée des sapins, Carquefou;Carquefou;https://pom-e.compostri.fr/composteur/adoma;47.28317499950744, -1.4535399995220326
385;Jardin Gustave Roch;Jardin;;rue de l'Odet;Nantes;https://pom-e.compostri.fr/composteur/jardin-gustave-roch;47.202443999055944, -1.551486000067673
387;Monfoulon 2;Composteur en résidence - copropriété;2022;16 Rue Monfoulon, 44000 Nantes;Nantes;https://pom-e.compostri.fr/composteur/monfoulon-2;47.224532999130574, -1.5486010000595796
395;Malnoue;Composteur en résidence - copropriété;2022;61 bis rue de la Malnoue;Saint-Sébastien-sur-Loire;https://pom-e.compostri.fr/composteur/malnoue;47.205294999006384, -1.4979360004227396
404;Place de Village Square FélixThomas;Composteur ouvert au quartier;2022;Square Félix Thomas;Nantes;https://pom-e.compostri.fr/composteur/place-de-village-square-felixthomas;47.23132399927991, -1.5527980006028428
405;Parc de la Minais;Composteur ouvert au quartier;2022;Parc de la Minais;Sainte-Luce/Loire;https://pom-e.compostri.fr/composteur/parc-de-la-minais;47.255997999453704, -1.4664619997900308
406;Les Haubans 2;;;Rue Alain Colas;Nantes;https://pom-e.compostri.fr/composteur/les-haubans-2;47.209652998764874, -1.5288340000013987
408;Logifac - Résidence la Rivière;Composteur en résidence - copropriété;2023;175 rue Louis de Broglie;Nantes;https://pom-e.compostri.fr/composteur/logifac-residence-la-riviere;47.26138399894631, -1.5589439995436396
412;Jean Lefeuvre;Composteur en résidence - copropriété;;13 rue Jean Lefeuvre;Sainte-Luce/Loire;https://pom-e.compostri.fr/composteur/jean-lefeuvre;47.257530999231925, -1.4776060006094167
422;Marion Cahour 2;Composteur ouvert au quartier;2021;18 rue de Savenay;Nantes;https://pom-e.compostri.fr/composteur/marion-cahour-2;47.222837998842486, -1.561192000019838
427;Kiriol;Composteur ouvert au quartier;2023;Venelle du Kiriol 44200;Nantes;https://pom-e.compostri.fr/composteur/kiriol;47.18530799885008, -1.5275569993541194
428;Maladry;Composteur en résidence - copropriété;2023;13-17 rue de la Boulogne;Saint-Sébastien-sur-Loire;https://pom-e.compostri.fr/composteur/maladry;47.207082999107335, -1.5124190004573173
436;Le Bourg 2;Composteur en résidence - copropriété;2023;8 rue du général Zimmer;Saint-Herblain;https://pom-e.compostri.fr/composteur/le-bourg-2;47.20881629943041, -1.6487125002878804
443;Limousin 2;Composteur en résidence - copropriété;2023;28 rue du Limousin;Saint-Sébastien-sur-Loire;https://pom-e.compostri.fr/composteur/limousin-2;47.201169998836235, -1.4900129996441485
449;La Mulotière;Composteur en résidence - copropriété;2023;16 rue Georges Meynieu;Nantes;https://pom-e.compostri.fr/composteur/la-mulotiere;47.24166399890547, -1.5676650005463049
459;Forges on t'aime 2;Composteur ouvert au quartier;;68 rue des forges;Nantes;https://pom-e.compostri.fr/composteur/forges-on-taime-2;47.2270539988969, -1.5183009998332326
4;Jardin du Tillay;Jardin;2009;Jardin partagé du Tillay;Saint-Herblain;https://pom-e.compostri.fr/composteur/jardin-du-tillay;47.23168099892009, -1.605733000478809
13;Ecole Grand Carcouet;Composteur Pédagogique en établissement scolaire;2016;1 Rue Louis Brisset;Nantes;https://pom-e.compostri.fr/composteur/ecole-grand-carcouet;47.22780199874793, -1.5929020000637133
18;Jardins Familiaux de Haute Indre;Composteur ouvert au quartier;2010;Place Jean Saillant, Haute Indre;Indre;https://pom-e.compostri.fr/composteur/jardins-familiaux-de-haute-indre;47.19279299863861, -1.647846999897073
34;FJT Oceane;Composteur ouvert au quartier;2011;1 rue Vasco de Gama;Saint-Herblain;https://pom-e.compostri.fr/composteur/fjt-oceane;47.2209260990948, -1.6234197995850819
45;Bois Saint Louis;Composteur en résidence - copropriété;2012;rue de la patouillerie;Orvault;https://pom-e.compostri.fr/composteur/bois-saint-louis;47.24629559947483, -1.5791442002951932
46;La Gournerie ALSH;Composteur en résidence - copropriété;2016;Domaine de la Gournerie, allée de la ferme;Saint-Herblain;https://pom-e.compostri.fr/composteur/la-gournerie-alsh;47.25216899880612, -1.633477999792773
64;Val Joli;Composteur en résidence - copropriété;2012;Résidence Val Joli, 11 rue de la Gréneraie;Saint-Sébastien-sur-Loire;https://pom-e.compostri.fr/composteur/val-joli;47.19787819941052, -1.5302228993690181
77;Ecole Batignolles;Composteur Pédagogique en établissement scolaire;2013;45 route de Paris;Nantes;https://pom-e.compostri.fr/composteur/ecole-batignolles;47.2521919989843, -1.518616999661619
85;Les Roses;Composteur en résidence - copropriété;2013;Résidence les Roses, rue de la Chézine;Nantes;https://pom-e.compostri.fr/composteur/les-roses;47.21841469914238, -1.5760128998364231
91;Verdura;Composteur en résidence - copropriété;2013;22 av. Jose Maria de Heredia;Nantes;https://pom-e.compostri.fr/composteur/verdura;47.24574349914449, -1.5726994999378312
103;Jardin des Richolets;Composteur ouvert au quartier;2014;Rue de l'Orne/rue de Montargis;Saint-Herblain;https://pom-e.compostri.fr/composteur/jardin-des-richolets;47.21404199934632, -1.610240000320536
104;La Fontaine;Composteur en résidence - copropriété;2014;7 rue François Mauriac;Nantes;https://pom-e.compostri.fr/composteur/la-fontaine;47.24741099941377, -1.5707000003757283
134;La Source;Composteur ouvert au quartier;2015;Quartier de la source;La Chapelle-sur-Erdre;https://pom-e.compostri.fr/composteur/la-source;47.30603499932641, -1.5545679997670894
146;Ecole Port Boyer;Composteur Pédagogique en établissement scolaire;2016;"53, rue Eraudière
44300 Nantes";Nantes;https://pom-e.compostri.fr/composteur/ecole-port-boyer;47.23985999867, -1.5409749999317672
148;Cuisine Ecole Marcel Gouzil;Composteur Pédagogique en établissement scolaire;2016;Boulevard François Blancho;Couëron;https://pom-e.compostri.fr/composteur/cuisine-ecole-marcel-gouzil;47.21502799888544, -1.726848999575153
161;Les Tilleuls;Composteur en résidence - copropriété;2017;63 avenue de la Cholière;Orvault;https://pom-e.compostri.fr/composteur/les-tilleuls;47.24975399908999, -1.6056849997688667
190;Fraternité;Composteur en résidence - copropriété;2018;78 bd de la Fraternité;Nantes;https://pom-e.compostri.fr/composteur/fraternite;47.21866399901997, -1.5866499996830912
242;L'Allouée;Composteur en résidence - copropriété;2019;22 rue de l’Allouée;Nantes;https://pom-e.compostri.fr/composteur/lallouee;47.22940599943436, -1.5764039995639245
256;Jean de La Fontaine;Composteur ouvert au quartier;2019;8 rue jean de la Fontaine;Nantes;https://pom-e.compostri.fr/composteur/jean-de-la-fontaine;47.214589799273945, -1.561856299936355
262;Village Social Croix Rouge;Composteur en résidence - copropriété;;19/25 rue Bouchaud;Nantes;https://pom-e.compostri.fr/composteur/village-social-croix-rouge;47.21717399940963, -1.579869999618691
273;Lemel;Composteur ouvert au quartier;2020;rue Nathalie Lemel;Nantes;https://pom-e.compostri.fr/composteur/lemel;47.21723299902828, -1.5330440002373045
285;Les Soupirs;Composteur en résidence - copropriété;2020;11-13-15-15B rue  des Soupirs;Nantes;https://pom-e.compostri.fr/composteur/les-soupirs;47.23837699875851, -1.5455639998938049
311;Honoré Broutelle;Composteur en résidence - copropriété;2021;14 rue Honoré Broutelle;Nantes;https://pom-e.compostri.fr/composteur/honore-broutelle;47.22630999879904, -1.530283000516954
312;Namet;Composteur en résidence - copropriété;2021;rue Georges Chartrin;Nantes;https://pom-e.compostri.fr/composteur/namet;47.20244199909094, -1.539916000452693
315;Ravanel;Composteur en résidence - copropriété;2021;6 avenue Joseph Ravanel;Nantes;https://pom-e.compostri.fr/composteur/ravanel;47.20110299910141, -1.5301880002732409
321;Place de Village Paul Nizan;Composteur ouvert au quartier;2022;rue Paul Nizan;Nantes;https://pom-e.compostri.fr/composteur/place-de-village-paul-nizan;47.205166998657056, -1.5517899995483644
323;Le Jardin du Chêne;Jardin;2021;Rue Jacques Cartier - Rue Samuel de Champlain;Nantes;https://pom-e.compostri.fr/composteur/le-jardin-du-chene;47.25927599926581, -1.5742740006311766
388;Zola La Ferme du Rû;Composteur en résidence - copropriété;2022;35 rue de la Ferme du Rû;Nantes;https://pom-e.compostri.fr/composteur/zola-la-ferme-du-ru;47.21485099888976, -1.5889900005997868
410;Cimetière Sainte Anne Ancien;Composteur ouvert au quartier;2023;108 rue Amiral du Chaffault;Nantes;https://pom-e.compostri.fr/composteur/cimetiere-sainte-anne-ancien;47.20374099947268, -1.583696000231734
424;Saint Louis II Le Lou du Breil;Composteur en résidence - copropriété;2023;9 rue Michel Le lou du Breil;Nantes;https://pom-e.compostri.fr/composteur/saint-louis-ii-le-lou-du-breil;47.20831099873788, -1.571987999364533
435;Beau Soleil 2;Composteur ouvert au quartier;;28 rue Charles de Gaulle;La Chapelle-sur-Erdre;https://pom-e.compostri.fr/composteur/beau-soleil-2;47.304476099221006, -1.5588801001525927
438;Rotereaux 2;Composteur en résidence - copropriété;2023;109 rue des Carterons;Rezé;https://pom-e.compostri.fr/composteur/rotereaux-2;47.173231999157196, -1.5278710000099727
441;Sorinières;Composteur en résidence - copropriété;2023;4 rue Olympe de Gouges;Sorinières;https://pom-e.compostri.fr/composteur/sorinieres;47.151000998699644, -1.5229239993898664
444;Marie Anne Du Boccage;Composteur en résidence - copropriété;2023;32 rue Marie Anne Du Boccage;Nantes;https://pom-e.compostri.fr/composteur/marie-anne-du-boccage;47.21563799917917, -1.57198400016091
17;François Bruneau;Composteur en résidence - copropriété;2010;54 rue François Bruneau;Nantes;https://pom-e.compostri.fr/composteur/francois-bruneau;47.2294583994806, -1.5612924006386584
36;Jardin de la Crapaudine;Composteur ouvert au quartier;2011;avenue des Gobelets;Nantes;https://pom-e.compostri.fr/composteur/jardin-de-la-crapaudine;47.1920309990302, -1.5305379998070985
48;CSC Henri Normand;Composteur ouvert au quartier;2012;Place Cité;Couëron;https://pom-e.compostri.fr/composteur/csc-henri-normand;47.214705399015315, -1.6825396998414457
71;Ecole Alain Fournier;Composteur Pédagogique en établissement scolaire;;87 rue Bois Hardy;Nantes;https://pom-e.compostri.fr/composteur/ecole-alain-fournier-1;47.20394099931792, -1.6007110004467267
75;Ecole Henri Lesage;Composteur Pédagogique en établissement scolaire;2013;27 rue des Ecoles;Vertou;https://pom-e.compostri.fr/composteur/ecole-henri-lesage;47.18674279940919, -1.5003326994390136
81;Jardins partagés de Beautour;Composteur ouvert au quartier;2013;135 bis route de Nantes;Vertou;https://pom-e.compostri.fr/composteur/jardins-partages-de-beautour;47.17936599952319, -1.5059149996448882
113;Square Félix Thomas;Composteur ouvert au quartier;2014;rue Félix Thomas;Nantes;https://pom-e.compostri.fr/composteur/square-felix-thomas;47.231167999012555, -1.5533199998785387
117;Ça pousse en amont;Composteur ouvert au quartier;2015;1 allée Alain Gerbault;Nantes;https://pom-e.compostri.fr/composteur/ca-pousse-en-amont;47.20963999877083, -1.5253899997415765
130;Utrillo;Composteur ouvert au quartier;2015;rue Maurice Utrillo;Rezé;https://pom-e.compostri.fr/composteur/utrillo;47.180877499182124, -1.5616284997326233
173;Les Halliers;Composteur ouvert au quartier;2017;19 Rue des Halliers / 4 Rue du Bois Fleuri, 44200 Nantes;Nantes;https://pom-e.compostri.fr/composteur/les-halliers;47.18742099892906, -1.5124349997271127
195;Mathelin Rodier;Composteur en résidence - copropriété;2018;17 rue Mathelin Rodier;Nantes;https://pom-e.compostri.fr/composteur/mathelin-rodier;47.21730899944817, -1.551100000307476
199;Les Hespérides;Composteur en résidence - copropriété;2018;40 avenue des Hespérides;Nantes;https://pom-e.compostri.fr/composteur/les-hesperides;47.23337399876499, -1.5119129997791596
200;Du Muguet au Jardin;Composteur en résidence - copropriété;2018;3 rue des Perrines;Nantes;https://pom-e.compostri.fr/composteur/du-muguet-au-jardin;47.22813199921467, -1.5165660003934274
217;Moulin Neuf;Composteur en résidence - copropriété;2018;rue du Moulin Neuf;Nantes;https://pom-e.compostri.fr/composteur/moulin-neuf;47.23058999880413, -1.5153789994368447
224;Place du Village Moutonnerie;Composteur ouvert au quartier;2018;Parc de la Moutonnerie;Nantes;https://pom-e.compostri.fr/composteur/place-du-village-moutonnerie;47.22065999901327, -1.5335739994191595
230;Waldeck;Composteur ouvert au quartier;2019;Place Waldeck Rousseau;Nantes;https://pom-e.compostri.fr/composteur/waldeck;47.22751399939438, -1.5520850002422095
231;La Gagnerie;Composteur en résidence - copropriété;2019;1-3-5 avenue de la Baraudière;Saint-Herblain;https://pom-e.compostri.fr/composteur/la-gagnerie;47.23685299925788, -1.589316999925472
237;Guinaudeau;Composteur ouvert au quartier;2019;11 rue du Batonnier Guinaudeau;Nantes;https://pom-e.compostri.fr/composteur/guinaudeau;47.20967899933839, -1.5664970003405878
243;Barbonnerie 2;Composteur ouvert au quartier;2019;Pl. de la Barbonnerie, 44400 Rezé / Promenade d'Aïn Defla;Rezé;https://pom-e.compostri.fr/composteur/barbonnerie-2;47.19185499901902, -1.544261999484091
247;Versailles Chateaubriand;Composteur en résidence - copropriété;2019;6 quai de versailles;Nantes;https://pom-e.compostri.fr/composteur/versailles-chateaubriand;47.221651999099066, -1.554000999379203
251;Jacques Prévert;Composteur ouvert au quartier;2019;Espace vert Jacques Prévert;Couëron;https://pom-e.compostri.fr/composteur/jacques-prevert;47.22053899946896, -1.7306290004766516
269;Les Mimosas;Composteur en résidence - copropriété;2020;25 Avenue de Tahiti;Nantes;https://pom-e.compostri.fr/composteur/les-mimosas;47.24373199868728, -1.5719590002282784
270;Les Garettes 2;Composteur ouvert au quartier;2020;Chemin des Garettes;Orvault;https://pom-e.compostri.fr/composteur/les-garettes-2;47.27461199892255, -1.6265950004967473
277;Pomme Cannelle;Composteur en résidence - copropriété;;12 Rue Francis de Préssensé;Nantes;https://pom-e.compostri.fr/composteur/pomme-cannelle;47.22472599924425, -1.522313999389328
296;Castellano Clos du Cens;Composteur ouvert au quartier;;20-22 avenue Castellano;Nantes;https://pom-e.compostri.fr/composteur/castellano-clos-du-cens;47.248833998855446, -1.5721649997725398
308;Square Vertais 2;Composteur ouvert au quartier;2021;rue de Vertais;Nantes;https://pom-e.compostri.fr/composteur/square-vertais-2;47.2023779994125, -1.546298000032098
317;La Michaudière;Composteur en résidence - copropriété;2021;33-39 rue la Michaudière;Nantes;https://pom-e.compostri.fr/composteur/la-michaudiere;47.23574999912744, -1.5319220006189287
319;Place de Village Maison de quartier Doulon;Composteur ouvert au quartier;2022;1 rue de la Basse Chênaie;Nantes;https://pom-e.compostri.fr/composteur/place-de-village-maison-de-quartier-doulon;47.2366269987073, -1.5088239996080999
327;Nant'île;Composteur en résidence - copropriété;2021;Allée de l'île Tabor;Nantes;https://pom-e.compostri.fr/composteur/nantile;47.2056899991881, -1.5465189996050972
332;Wattignies;Composteur ouvert au quartier;;12 rue de la Porte Gelée;Nantes;https://pom-e.compostri.fr/composteur/wattignies;47.20391999947085, -1.5462300005532919
334;Tatiland;Composteur ouvert au quartier;2021;rue Jacques Tati;Bouguenais;https://pom-e.compostri.fr/composteur/tatiland;47.17930899867498, -1.6321720002824842
336;Résidence Brocéliande;Composteur en résidence - copropriété;2021;163-171 Bd Robert Schuman;Nantes;https://pom-e.compostri.fr/composteur/residence-broceliande;47.24224699911874, -1.575346000246673
343;Sully;Composteur ouvert au quartier;2021;Angle de la rue Cochard et de la rue du Préfet Bonnefoy;Nantes;https://pom-e.compostri.fr/composteur/sully-1;47.2226919993331, -1.5483570000004538
344;Benoni Goulin;Composteur ouvert au quartier;2021;Square Benoni Goulin;Nantes;https://pom-e.compostri.fr/composteur/benoni-goulin;47.202092999162545, -1.5512390001763596
345;Miroir d'eau;Composteur en résidence - copropriété;2021;1-5 avenue du miroir d'eau;Nantes;https://pom-e.compostri.fr/composteur/miroir-deau;47.231237999393734, -1.5466929994004852
347;Jardin Enchanté;Composteur ouvert au quartier;2022;6 rue des Becques 44230;Saint-Sébastien-sur-Loire;https://pom-e.compostri.fr/composteur/jardin-enchante;47.20701799940646, -1.508350999968211
352;Square Prinquiau 2;Composteur ouvert au quartier;2021;101 Bd de l'Egalité;Nantes;https://pom-e.compostri.fr/composteur/square-prinquiau-2;47.212045999511254, -1.5865339998464627
358;L'Olympe;Composteur ouvert au quartier;2022;6 rue Olympe de Gouges;Sainte-Luce/Loire;https://pom-e.compostri.fr/composteur/lolympe;47.252703998770215, -1.4706570005444437
362;Parc de la Renaudière;Composteur en résidence - copropriété;2021;201 rue de la Renaudière;Nantes;https://pom-e.compostri.fr/composteur/parc-de-la-renaudiere;47.2498199988441, -1.5327459998913142
364;Cité des Hauts Pavés 2;Composteur ouvert au quartier;2021;6 rue d'Aunis;Nantes;https://pom-e.compostri.fr/composteur/cite-des-hauts-paves-2;47.22375899891673, -1.5659779998738816
365;Le petit écureuil;Composteur en résidence - copropriété;2022;11-13 rue des Hauts Moulins;Saint-Herblain;https://pom-e.compostri.fr/composteur/le-petit-ecureuil;47.22342699880773, -1.6084750000642016
366;La Longère de la Bégraisière;Composteur ouvert au quartier;2022;15 rue François Rabelais;Saint-Herblain;https://pom-e.compostri.fr/composteur/la-longere-de-la-begraisiere;47.23173599877973, -1.6151149995639227
372;Convention;Composteur en résidence - copropriété;2022;54 rue de la Convention;Nantes;https://pom-e.compostri.fr/composteur/convention;47.210677999083615, -1.5914710006269999
377;Les Champs Libres;Composteur ouvert au quartier;2022;Allée Hubertine Auclert;Nantes;https://pom-e.compostri.fr/composteur/les-champs-libres;47.19319099888782, -1.5328160001998248
386;Les Terrasses de Magellan;Composteur en résidence - copropriété;2022;7 rue de Rieux, 4-6 rue Vasco de Gama;Nantes;https://pom-e.compostri.fr/composteur/les-terrasses-de-magellan;47.21095199910014, -1.5438990004065711
401;Cailletière 2;Composteur en résidence - copropriété;2022;Domaine de la Cailletière;Saint-Sébastien-sur-Loire;https://pom-e.compostri.fr/composteur/cailletiere-2;47.20543499867222, -1.520341999681005
425;Terrôgolf 2;Composteur en résidence - copropriété;2022;Allée Mozart;Saint-Herblain;https://pom-e.compostri.fr/composteur/terrogolf-2;47.23861799897831, -1.6046770002492046
440;L'îlot Coquelicots;Composteur en résidence - copropriété;2023;Rue Simone Signoret;Rezé;https://pom-e.compostri.fr/composteur/lilot-coquelicots;47.17424299920696, -1.5607060001253523
445;Parc Broussais 2;Composteur ouvert au quartier;;Place Gabriel Trarieux;Nantes;https://pom-e.compostri.fr/composteur/parc-broussais-2;47.22608959909094, -1.5222886995874239
